id,first_name,last_name
1,Debora,Garlinge
2,Baldwin,Kopmann
3,Gauthier,de Merida
4,Kira,Tynewell
5,Aubrette,Filippucci
6,Birch,Dunsford
7,Whitby,Lambrick
8,Wald,Junifer
9,Cosme,Jiran
10,Felicle,Bemand
11,Guido,Whacket
12,Dunc,Shaddock
13,Tracie,Tuckett
14,Tony,Gann
15,Rorke,Ambler
16,Anthe,Goodswen
17,Emeline,Salterne
18,Ugo,Tebald
19,Alexandros,Giacobazzi
20,Fran,Tulley
21,Lesya,Stenyng
22,Dexter,Foyston
23,Cissy,Pezey
24,Wendi,Warrack
25,Gertrudis,McVittie
26,Dewitt,Rubinowitch
27,Bunnie,Vido
28,Karim,Delbergue
29,Trev,Glinde
30,Lita,Petchey
